regime,subject,full_plv,scrambled_plv,delta_plv,full_pac,scrambled_pac,delta_pac,full_phase_slip_rate,scrambled_phase_slip_rate,delta_phase_slip_rate,full_boundary_phase_slip_rate,scrambled_boundary_phase_slip_rate,delta_boundary_phase_slip_rate,full_loop_instability,scrambled_loop_instability,delta_loop_instability,full_boundary_loop_instability,scrambled_boundary_loop_instability,delta_boundary_loop_instability
balanced,0,0.44447570608296,0.33559320294506784,0.10888250313789216,0.0034177656914315575,0.0020891274921481795,0.001328638199283378,0.12092644320297952,0.1261638733705773,-0.005237430167597784,0.13935185185185184,0.12546296296296297,0.013888888888888867,0.7606355944651226,0.809440718159171,-0.048805123694048325,0.7913549350334752,0.7784795769663502,0.012875358067125031
balanced,1,0.5021961773868577,0.3569155134577544,0.14528066392910333,0.0035360330157021167,0.002352315421917526,0.0011837175937845909,0.1298882681564246,0.14548417132216016,-0.015595903165735558,0.15231481481481482,0.1421296296296296,0.010185185185185214,0.7944071981902232,0.8321735471961693,-0.03776634900594611,0.7938265845555108,0.8382499101893517,-0.04442332563384088
balanced,2,0.42980573144994777,0.34711204405325896,0.08269368739668881,0.003544637419443706,0.002242412424683926,0.00130222499475978,0.12779329608938547,0.13500931098696461,-0.007216014897579143,0.1439814814814815,0.13564814814814816,0.008333333333333331,0.7688305029934505,0.8083160824924729,-0.03948557949902243,0.8115637267325977,0.822586163833525,-0.011022437100927318
balanced,3,0.45103257496822685,0.38326217736001306,0.0677703976082138,0.003019662141461468,0.0018815173429204282,0.00113814479854104,0.11964618249534452,0.13233240223463685,-0.012686219739292334,0.12638888888888888,0.13703703703703704,-0.010648148148148157,0.7368422336927489,0.7706848180907604,-0.033842584398011466,0.7952105021992627,0.7975443425438389,-0.002333840344576177
balanced,4,0.41634224674423903,0.3196083801678783,0.09673386657636074,0.004096085864989723,0.0023478900040845027,0.0017481958609052205,0.1266294227188082,0.13617318435754192,-0.009543761638733717,0.12453703703703704,0.13888888888888887,-0.014351851851851824,0.7795907360436076,0.814207190624549,-0.034616454580941425,0.7729235502858761,0.7817925736939759,-0.008869023408099808
balanced,5,0.4212438925492236,0.3002009427392889,0.12104294980993474,0.0026751256543184766,0.0022963853368023726,0.0003787403175161039,0.12558193668528864,0.12942271880819367,-0.0038407821229050343,0.13935185185185184,0.11851851851851851,0.02083333333333333,0.7864350951276752,0.8095910867693563,-0.02315599164168114,0.7910194946015294,0.7926559352714464,-0.001636440669916972
balanced,6,0.5137885121708757,0.33909777782618494,0.1746907343446908,0.0038729730105118805,0.001916699962655728,0.0019562730478561528,0.11243016759776536,0.12104283054003724,-0.008612662942271879,0.11805555555555557,0.12083333333333333,-0.002777777777777768,0.7609077974284885,0.8017308533938604,-0.040823055965371946,0.8142924974586361,0.8124195248506754,0.00187297260796071
balanced,7,0.5091867068764978,0.38543093091465314,0.12375577596184467,0.0041158323376654015,0.0015796867011721749,0.0025361456364932267,0.10567970204841715,0.1076582867783985,-0.0019785847299813586,0.11203703703703705,0.09583333333333333,0.01620370370370372,0.7077302226732154,0.7488514720015034,-0.04112124932828798,0.7056985115901595,0.7425742608876879,-0.03687574929752835
balanced,8,0.5269238746962555,0.41127796923326815,0.11564590546298731,0.003731223114722529,0.0023973360091636793,0.0013338871055588496,0.11301210428305401,0.11522346368715085,-0.0022113594040968354,0.10694444444444444,0.10277777777777779,0.004166666666666652,0.7586694664536793,0.8119706814675903,-0.05330121501391105,0.7401059171741551,0.8269639929172513,-0.08685807574309623
balanced,9,0.4584871703229791,0.2882121977462904,0.17027497257668867,0.004515509283938705,0.0018941981621394463,0.0026213111217992585,0.12988826815642457,0.14466945996275607,-0.0147811918063315,0.1328703703703704,0.1277777777777778,0.005092592592592593,0.8056771966776837,0.8585243084114464,-0.052847111733762775,0.8143987529929109,0.8741931077214722,-0.059794354728561316
balanced,10,0.5114528858831139,0.3566528316766037,0.15480005420651016,0.0031796448216216255,0.0022859177281355433,0.0008937270934860821,0.11731843575418995,0.13081936685288642,-0.013500931098696475,0.1074074074074074,0.14259259259259258,-0.03518518518518518,0.7900532639701243,0.8196916023900372,-0.029638338419912924,0.7791158461146755,0.8077202588735364,-0.02860441275886083
balanced,11,0.5161504874659748,0.37918011950963804,0.13697036795633677,0.0038427211597355224,0.00332854860231955,0.0005141725574159726,0.1188314711359404,0.12721135940409684,-0.00837988826815643,0.1037037037037037,0.12962962962962962,-0.02592592592592592,0.7628988022011187,0.7967538993529673,-0.033855097151848534,0.7840257201676661,0.8071119619178386,-0.023086241750172487
balanced,12,0.4919839763616596,0.3582288379163508,0.13375513844530879,0.004591931868473216,0.0026299877966651343,0.0019619440718080814,0.1113826815642458,0.11999534450651768,-0.008612662942271879,0.13055555555555556,0.1125,0.01805555555555556,0.7705642005943865,0.8195053773271446,-0.04894117673275811,0.8158724200722463,0.8638211711284712,-0.04794875105622498
balanced,13,0.4552848683876,0.3299641039792637,0.12532076440833634,0.0037501615855155494,0.0027357072955786444,0.001014454289936905,0.1151070763500931,0.12278864059590316,-0.007681564245810069,0.1310185185185185,0.11481481481481481,0.016203703703703692,0.7797673686417338,0.8352025796141304,-0.055435210972396565,0.7663738512330421,0.8354272977184093,-0.06905344648536715
balanced,14,0.4922595743339057,0.3627254868954844,0.12953408743842132,0.004565766042949053,0.002536281096428517,0.002029484946520536,0.13873370577281194,0.1403631284916201,-0.0016294227188081711,0.1361111111111111,0.1412037037037037,-0.005092592592592593,0.7896562722479746,0.8584017594466657,-0.06874548719869111,0.8154473174411399,0.8341448030671825,-0.018697485626042676
balanced,15,0.4799041435360007,0.33645494217463856,0.14344920136136213,0.004103915400952179,0.0031811036549169924,0.0009228117460351867,0.1266294227188082,0.13605679702048415,-0.00942737430167595,0.14953703703703705,0.13009259259259257,0.019444444444444486,0.7616567654352093,0.8076947919537604,-0.046038026518551045,0.7809071857688363,0.813190040062132,-0.03228285429329569
balanced,16,0.5065295970326255,0.35553049227696426,0.1509991047556612,0.0033106763581942167,0.0020312392518620796,0.0012794371063321371,0.13233240223463685,0.1457169459962756,-0.01338454376163875,0.1416666666666667,0.14675925925925926,-0.005092592592592565,0.7927494748488347,0.8261756996165193,-0.03342622476768453,0.8110420598836194,0.8248485225917255,-0.013806462708106038
balanced,17,0.5591260991710588,0.3789808238721268,0.18014527529893204,0.003988790215766097,0.0024979521635256283,0.0014908380522404684,0.11091713221601489,0.12674581005586594,-0.01582867783985105,0.10555555555555556,0.11851851851851852,-0.012962962962962968,0.7636830630720584,0.8023330951010704,-0.03865003202901207,0.7687959788827221,0.8001363666299086,-0.031340387747186504
balanced,18,0.45940252592005537,0.3822914108064333,0.07711111511362206,0.0034460240910529406,0.002293206010168845,0.0011528180808840958,0.12441806331471135,0.13198324022346367,-0.007565176908752316,0.12638888888888888,0.13472222222222222,-0.008333333333333331,0.7736104014453965,0.8120951346300973,-0.0384847331847008,0.795233242360297,0.8713566728520433,-0.0761234304917463
balanced,19,0.5387432676725057,0.3844081229294283,0.1543351447430774,0.0043652559899434226,0.00361291544974167,0.0007523405402017525,0.10858938547486034,0.1220903165735568,-0.013500931098696461,0.12685185185185185,0.12546296296296297,0.001388888888888884,0.7515551659370185,0.7728593094789564,-0.02130414354193788,0.7517560254942197,0.7754464036170345,-0.023690378122814826
balanced,20,0.5238747949405061,0.37865404470909564,0.1452207502314105,0.003989369158474156,0.0019071004617432575,0.0020822686967308986,0.1212756052141527,0.12488361266294228,-0.0036080074487895714,0.14722222222222223,0.1337962962962963,0.013425925925925924,0.7314017719587195,0.8192010284413196,-0.08779925648260012,0.7634741764219399,0.8525522226795255,-0.08907804625758553
balanced,21,0.49302045732580274,0.3608329169943188,0.13218754033148394,0.0035715334775388036,0.0024770901615411116,0.001094443315997692,0.12441806331471135,0.13314711359404097,-0.008729050279329617,0.11851851851851852,0.13379629629629627,-0.015277777777777751,0.7798266475836677,0.8378349453152085,-0.058008297731540814,0.7958730259216403,0.8137995761710332,-0.017926550249392825
balanced,22,0.41684749411023353,0.33546857434319577,0.08137891976703776,0.0030073097669813626,0.001847476852704644,0.0011598329142767187,0.12150837988826817,0.13151769087523277,-0.0100093109869646,0.13194444444444445,0.1310185185185185,0.0009259259259259411,0.7736871475176272,0.8158543093394486,-0.04216716182182134,0.7900299983349908,0.7759001422739916,0.014129856060999146
balanced,23,0.39790273345682725,0.3061456998170186,0.09175703363980864,0.0034170203535529966,0.0017297859938308082,0.0016872343597221884,0.13442737430167598,0.14059590316573556,-0.00616852886405958,0.15138888888888888,0.13749999999999998,0.013888888888888895,0.8220362537902124,0.8849306807089634,-0.06289442691875102,0.8405999668047659,0.8997219225121169,-0.059121955707351015
balanced,24,0.4561462165071796,0.388216404042228,0.06792981246495161,0.00296742860755239,0.002084305859020166,0.0008831227485322241,0.12441806331471135,0.12523277467411545,-0.0008147113594040994,0.10925925925925924,0.13009259259259257,-0.02083333333333333,0.754497820871934,0.8165490919456165,-0.06205127107368258,0.7644098469651454,0.8220899484780311,-0.05768010151288572
balanced,25,0.5160607567580672,0.417142429215794,0.0989183275422732,0.004324337295047583,0.0021796999761213107,0.002144637318926272,0.12802607076350092,0.12965549348230912,-0.0016294227188081989,0.14722222222222223,0.13009259259259257,0.01712962962962966,0.7399621032049956,0.7971658246201264,-0.05720372141513086,0.7366947458242425,0.769921723965985,-0.03322697814174247
balanced,26,0.4346668203986077,0.3450107083174137,0.089656112081194,0.0037707746425663623,0.0019689302203370015,0.0018018444222293608,0.11836592178770951,0.12651303538175046,-0.008147113594040953,0.14953703703703705,0.11759259259259258,0.03194444444444447,0.7713656160837247,0.8140507633218254,-0.042685147238100685,0.8540697496386678,0.8147208271805122,0.03934892245815558
balanced,27,0.4985895006893661,0.3464472660530416,0.15214223463632448,0.0038227128595113864,0.0032255510257191847,0.0005971618337922016,0.11149906890130352,0.1133612662942272,-0.0018621973929236757,0.11296296296296297,0.12314814814814816,-0.010185185185185186,0.7825606941075497,0.8276749706222591,-0.04511427651470945,0.7558911278234867,0.8410447303079969,-0.0851536024845102
balanced,28,0.40302068371255934,0.3373484691984345,0.06567221451412486,0.003247381109590469,0.0024179315446626907,0.0008294495649277781,0.14164338919925512,0.1474627560521415,-0.005819366852886393,0.15601851851851853,0.13842592592592592,0.017592592592592604,0.8243093222927182,0.886405652797189,-0.06209633050447072,0.913738342304758,0.9550920723096091,-0.0413537300048511
balanced,29,0.43644390219449436,0.34467795647016963,0.09176594572432473,0.0033926195925203396,0.003399590434265162,-6.9708417448225216e-06,0.12395251396648044,0.1269785847299814,-0.0030260707635009487,0.12314814814814816,0.11759259259259258,0.0055555555555555775,0.7694114530164733,0.830350274824421,-0.06093882180794774,0.8161969386670764,0.8016390132997928,0.01455792536728362
balanced,30,0.41238144611813216,0.3158588188234466,0.09652262729468558,0.004780634890256711,0.002636993102359237,0.0021436417878974738,0.1336126629422719,0.14338919925512103,-0.009776536312849138,0.14629629629629629,0.15231481481481482,-0.006018518518518534,0.7752315509355476,0.8291422821906809,-0.05391073125513324,0.7916015348039823,0.7911787145275307,0.00042282027645157427
balanced,31,0.4473774187295391,0.36956769644387905,0.07780972228566008,0.004206273548888206,0.0023799027320485196,0.001826370816839686,0.12197392923649908,0.13047020484171323,-0.008496275605214154,0.1375,0.14444444444444446,-0.0069444444444444475,0.777145687841259,0.8179199775238355,-0.04077428968257646,0.8114177836988712,0.8003641678912394,0.011053615807631756
hypo_support,0,0.18558963094651582,0.15857688759700847,0.027012743349507345,0.002244128350705914,0.0018142059540651187,0.0004299223966407954,0.39047951582867785,0.3993249534450652,-0.008845437616387342,0.4703703703703703,0.4078703703703703,0.0625,1.3845854377509839,1.4189891206704273,-0.0344036829194434,1.552791457091987,1.394591727884179,0.1581997292078079
hypo_support,1,0.17853489277005108,0.16587634278177785,0.012658549988273232,0.0029631067193334674,0.0019128529295843696,0.0010502537897490978,0.39792830540037244,0.414804469273743,-0.016876163873370542,0.48055555555555557,0.40509259259259256,0.07546296296296301,1.4425602274678062,1.5039968105179102,-0.06143658305010402,1.8370931282332557,1.4012749076172841,0.43581822061597153
hypo_support,2,0.1856493453677784,0.1635179990162556,0.022131346351522807,0.0025214555673788264,0.0012641982722388012,0.0012572572951400252,0.3846601489757915,0.41724860335195535,-0.03258845437616387,0.4740740740740741,0.4152777777777778,0.05879629629629629,1.4166564494673393,1.4125642009041102,0.004092248563229095,1.6510275015452176,1.429604551749584,0.2214229497956337
hypo_support,3,0.19440621228334232,0.18205894766533018,0.012347264618012138,0.0022596518520921383,0.0014880679202505936,0.0007715839318415446,0.3971135940409683,0.41294227188081933,-0.015828677839851035,0.48657407407407405,0.41574074074074074,0.0708333333333333,1.38954122820519,1.3904577514614167,-0.0009165232562267089,1.8323893747484654,1.3487613765006325,0.48362799824783287
hypo_support,4,0.18137824447266415,0.1742719767629808,0.007106267709683339,0.002755994287213718,0.0015848151031382582,0.0011711791840754598,0.42295158286778395,0.4335428305400372,-0.010591247672253279,0.5157407407407407,0.43611111111111106,0.07962962962962966,1.4889641238612692,1.5755987139418397,-0.0866345900805705,1.815525618303387,1.5671229264704012,0.2484026918329858
hypo_support,5,0.17328294882409764,0.1715976409651266,0.0016853078589710302,0.002465025590702325,0.0015375863016809917,0.0009274392890213335,0.42690875232774667,0.43493947858473,-0.008030726256983312,0.48657407407407405,0.4361111111111111,0.05046296296296293,1.4803388676462763,1.5376300665735088,-0.057291198927232445,1.7642165296511565,1.6432441902818886,0.12097233936926788
hypo_support,6,0.1848592639344455,0.16616020382435784,0.01869906011008765,0.002754958980409423,0.001776927050748717,0.000978031929660706,0.3871042830540037,0.4142225325884544,-0.02711824953445069,0.4625000000000001,0.41111111111111104,0.05138888888888904,1.415712414808134,1.4520682655144002,-0.036355850706266235,1.7718529269224335,1.4709106017114668,0.30094232521096664
hypo_support,7,0.211159255308234,0.1847512121183259,0.02640804318990811,0.002639745703950796,0.0011941250184633358,0.00144562068548746,0.3898975791433892,0.39955772811918067,-0.009660148975791483,0.47222222222222215,0.387037037037037,0.08518518518518514,1.359851914324766,1.3920454104932256,-0.03219349616845957,1.6842637041273074,1.489108525234313,0.19515517889299439
hypo_support,8,0.19051086125793734,0.17942022728318782,0.01109063397474952,0.0025136315204064286,0.0018223689938056406,0.0006912625266007879,0.39955772811918067,0.41678305400372445,-0.017225325884543785,0.4578703703703703,0.4087962962962963,0.04907407407407399,1.4223745433102712,1.4787818023086976,-0.05640725899842636,1.636210257722174,1.393114357255408,0.24309590046676588
hypo_support,9,0.16017086954853585,0.13978605813722442,0.020384811411311432,0.0024730664534728802,0.002841994084719503,-0.0003689276312466229,0.4110800744878957,0.4234171322160149,-0.012337057728119216,0.47129629629629627,0.42037037037037034,0.05092592592592593,1.3744105421286426,1.4485916982187719,-0.07418115609012932,1.5820743633312264,1.3888439606243412,0.19323040270688518
hypo_support,10,0.19269424680978053,0.16089482047696854,0.03179942633281199,0.0019815700550004853,0.001682674449902501,0.0002988956050979843,0.40374767225325886,0.41236033519553067,-0.00861266294227181,0.46064814814814814,0.41342592592592586,0.047222222222222276,1.3709996897115557,1.4340905582467087,-0.063090868535153,1.4654834185554375,1.4025955319636347,0.06288788659180278
hypo_support,11,0.2008830493408651,0.15495261224808637,0.04593043709277872,0.002507359137244047,0.0017170698661387747,0.0007902892711052724,0.4269087523277468,0.43656890130353815,-0.009660148975791372,0.5083333333333333,0.4486111111111111,0.05972222222222218,1.4993062634447136,1.603235154156926,-0.10392889071221245,1.7932739231823616,1.599200837686193,0.19407308549616853
hypo_support,12,0.185181114193287,0.17750115148222853,0.0076799627110584745,0.002815963132246854,0.0018443178275981231,0.0009716453046487309,0.40537709497206703,0.40607541899441335,-0.0006983240223463194,0.46527777777777773,0.412962962962963,0.05231481481481476,1.4053567020684459,1.5046570582712042,-0.09930035620275834,1.6658087478870827,1.5834423600234704,0.08236638786361228
hypo_support,13,0.16670342463643142,0.16490755466506046,0.0017958699713709614,0.002753238523791156,0.002127307003885743,0.0006259315199054131,0.41573556797020483,0.4210893854748603,-0.005353817504655467,0.4949074074074074,0.4268518518518518,0.06805555555555559,1.4154500116241753,1.5440068928217188,-0.1285568811975435,1.6540488702637173,1.6443959976883151,0.00965287257540215
hypo_support,14,0.17658876357141975,0.18044748936946195,-0.003858725798042195,0.002255861373687695,0.001737368642727658,0.000518492730960037,0.41177839851024206,0.4328445065176909,-0.021066108007448847,0.5134259259259258,0.43194444444444446,0.08148148148148138,1.4996958486471128,1.5728708443954824,-0.07317499574836961,1.8283479055181355,1.4491753841555155,0.37917252136262003
hypo_support,15,0.1676629438009204,0.17187886465278512,-0.0042159208518647295,0.002150306187841211,0.0015109352693193241,0.000639370918521887,0.4017690875232775,0.4283054003724395,-0.026536312849162025,0.4699074074074074,0.4245370370370371,0.04537037037037028,1.4379978730235494,1.417618124107595,0.02037974891595451,1.6382492299033276,1.449160895315158,0.18908833458816954
hypo_support,16,0.18341106521393905,0.15560637627196383,0.027804688941975214,0.00255576006540711,0.001971385118713447,0.000584374946693663,0.3841945996275605,0.39047951582867785,-0.006284916201117374,0.4537037037037037,0.3939814814814815,0.05972222222222223,1.3280496697182775,1.3702394102811954,-0.04218974056291791,1.6105827343790788,1.3780204216799004,0.2325623126991785
hypo_support,17,0.18509993226559174,0.15068337156437983,0.03441656070121191,0.002555966627670071,0.002042981965682337,0.0005129846619877339,0.41783054003724396,0.42877094972067037,-0.01094040968342641,0.4884259259259259,0.42777777777777776,0.06064814814814812,1.5378839373179372,1.5439546570926126,-0.006070719774675437,1.9012034885552431,1.5587720633579711,0.342431425197272
hypo_support,18,0.18331224061873827,0.18611070937864618,-0.0027984687599079128,0.0023024495732683788,0.0012264886142122,0.0010759609590561788,0.38826815642458107,0.3907122905027933,-0.0024441340782122567,0.4731481481481481,0.39166666666666666,0.08148148148148143,1.3451241412006714,1.4157003697898576,-0.07057622858918622,1.5799419284030867,1.4573098030117646,0.12263212539132207
hypo_support,19,0.16316044988125766,0.1644130295542229,-0.0012525796729652428,0.0023209985887887026,0.001979607267981929,0.0003413913208067734,0.38000465549348234,0.4029329608938547,-0.022928305400372384,0.4810185185185185,0.4263888888888889,0.05462962962962964,1.337982125831629,1.4273483819319017,-0.08936625610027282,1.7364843504865526,1.3380821125886992,0.39840223789785334
hypo_support,20,0.1585929560490745,0.17419935696706593,-0.015606400917991425,0.0030571677127949138,0.0031137198637084264,-5.655215091351267e-05,0.3883845437616387,0.4011871508379888,-0.012802607076350059,0.4407407407407407,0.4078703703703704,0.03287037037037033,1.3135786185839788,1.335550998555548,-0.0219723799715692,1.5363065310947168,1.4609276249939267,0.07537890610079012
hypo_support,21,0.1911568032461278,0.1659583322119825,0.025198471034145298,0.003516977148801798,0.0014923769863095652,0.002024600162492233,0.42458100558659223,0.4419227188081936,-0.017341713221601385,0.5037037037037037,0.4296296296296296,0.07407407407407407,1.5036999498853638,1.576054779703094,-0.07235482981773012,1.8684370993615482,1.4549998940354483,0.41343720532609995
hypo_support,22,0.1941181645829745,0.14345678942385662,0.050661375159117894,0.0022111679739311727,0.0020211805297595887,0.00018998744417158403,0.40875232774674114,0.42702513966480443,-0.018272811918063292,0.4939814814814814,0.4268518518518518,0.0671296296296296,1.4965366153054602,1.4965042686417935,3.234666366669359e-05,1.751577239026008,1.5308159076039352,0.22076133142207288
hypo_support,23,0.2024078677870663,0.18530299811123155,0.017104869675834744,0.0023259531284843316,0.0018012597827285475,0.0005246933457557842,0.3677839851024209,0.3722067039106145,-0.004422718808193615,0.47870370370370363,0.36388888888888893,0.1148148148148147,1.3210068792393301,1.3887424670403903,-0.06773558780106015,1.6436504586828073,1.3464537161388606,0.2971967425439468
hypo_support,24,0.1914024296752925,0.19425799481871286,-0.0028555651434203633,0.003063919587788581,0.0012387511595453506,0.0018251684282432302,0.37360335195530725,0.386522346368715,-0.01291899441340777,0.42824074074074076,0.3810185185185186,0.047222222222222165,1.3068297752625,1.404743549679858,-0.09791377441735793,1.5209957436443964,1.326802974418214,0.19419276922618245
hypo_support,25,0.18916981901672872,0.18637140996804105,0.0027984090486876667,0.0022522684764653693,0.00162023892679966,0.0006320295496657093,0.4029329608938547,0.4222532588454376,-0.019320297951582854,0.4490740740740741,0.41712962962962963,0.0319444444444445,1.4513240367513198,1.4726611522372264,-0.021337115485906555,1.5534424599239611,1.3476396300267224,0.20580282989723875
hypo_support,26,0.194461235399953,0.1578406820183218,0.0366205533816312,0.0026744094692192897,0.0028638730944852498,-0.00018946362526596006,0.3950186219739292,0.40770484171322163,-0.01268621973929246,0.46574074074074073,0.41250000000000003,0.0532407407407407,1.3797142273531764,1.4573772449415483,-0.07766301758837191,1.6977891859746739,1.5042851815734442,0.19350400440122972
hypo_support,27,0.16087851269782835,0.16894900056701093,-0.008070487869182574,0.0028185997276116955,0.0015301558173855413,0.0012884439102261542,0.41550279329608936,0.4314478584729981,-0.015945065176908746,0.48148148148148157,0.4393518518518518,0.04212962962962974,1.4876301068515478,1.5201878095844987,-0.03255770273295089,1.8298320107944293,1.5295850058712097,0.30024700492321954
hypo_support,28,0.17262227775399897,0.16034973005019018,0.012272547703808784,0.00255166720596622,0.001772541209483283,0.0007791259964829368,0.4038640595903166,0.4175977653631285,-0.013733705772811855,0.4837962962962963,0.42916666666666664,0.05462962962962964,1.4483430123399919,1.488554406357347,-0.040211394017355184,1.6857904648079405,1.5003458824484786,0.18544458235946193
hypo_support,29,0.18184668725612715,0.15597065312434796,0.02587603413177919,0.0022644638607898803,0.0017466706171416855,0.0005177932436481948,0.4029329608938547,0.4245810055865922,-0.021648044692737456,0.4837962962962963,0.4060185185185185,0.07777777777777778,1.470244372583473,1.4754614315263943,-0.005217058942921238,1.780008186204511,1.419156401076912,0.36085178512759897
hypo_support,30,0.19517325298043894,0.14046284777443094,0.054710405206008006,0.002676793784644713,0.0013242305826252356,0.0013525632020194775,0.3907122905027933,0.407937616387337,-0.017225325884543674,0.4537037037037037,0.4083333333333334,0.04537037037037034,1.3558328491313745,1.3895269121309952,-0.033694062999620744,1.424531455073649,1.4146155223538965,0.00991593271975244
hypo_support,31,0.19468083932499583,0.17451729365931626,0.020163545665679572,0.0023863815154167027,0.0019324215253275156,0.00045395999008918716,0.39199255121042825,0.41503724394785846,-0.023044692737430206,0.4861111111111111,0.42638888888888893,0.05972222222222218,1.3474360202801676,1.4589885115909897,-0.11155249131082212,1.6887935231353406,1.4953408211958406,0.19345270193950004
over_stabilization,0,0.5917525198701992,0.43292535645749003,0.15882716341270914,0.0058327248521372575,0.003591176662296076,0.0022415481898411817,0.08542830540037244,0.08903631284916202,-0.0036080074487895852,0.10509259259259258,0.08240740740740742,0.02268518518518517,0.6880296120989728,0.7423992682380713,-0.0543696561390985,0.6621726231263003,0.7291968314831916,-0.06702420835689127
over_stabilization,1,0.5077280158675623,0.3647471845207713,0.14298083134679102,0.003602932087307554,0.003715313445751175,-0.00011238135844362108,0.11952979515828678,0.12406890130353819,-0.004539106145251409,0.14351851851851852,0.12129629629629629,0.022222222222222227,0.7638151219123814,0.8288262307642504,-0.065011108851869,0.8455695972007258,0.838596019943977,0.006973577256748742
over_stabilization,2,0.5064376843570662,0.35115483304927125,0.1552828513077949,0.004309183418715061,0.002384036822448811,0.0019251465962662503,0.09031657355679702,0.10323556797020485,-0.012918994413407825,0.10694444444444445,0.10694444444444444,1.3877787807814457e-17,0.7213929746712207,0.7839209736034635,-0.06252799893224281,0.7464626115861316,0.8036605127791021,-0.057197901192970524
over_stabilization,3,0.49900799974200866,0.3609852666934201,0.13802273304858853,0.004472636431175724,0.0027575944023258327,0.0017150420288498912,0.09986033519553073,0.11522346368715085,-0.015363128491620123,0.11898148148148148,0.1101851851851852,0.008796296296296274,0.7101676361124536,0.7567707299514809,-0.046603093839027276,0.724846302030746,0.7753772773120521,-0.05053097528130612
over_stabilization,4,0.509555539777189,0.3818054970492839,0.12775004272790513,0.004008601562972974,0.0022688824529618714,0.001739719110011103,0.07984171322160148,0.08531191806331472,-0.005470204841713233,0.0837962962962963,0.0861111111111111,-0.0023148148148147973,0.7031979955566348,0.7578069017917153,-0.05460890623508052,0.6901873827643712,0.8024357957731992,-0.11224841300882804
over_stabilization,5,0.5208506869973936,0.38220972669375114,0.13864096030364242,0.003267268396725999,0.0019663089636646385,0.0013009594330613606,0.08915270018621974,0.09927839851024207,-0.01012569832402234,0.08703703703703702,0.10416666666666667,-0.017129629629629647,0.7414769372236532,0.7662084232787054,-0.024731486055052265,0.8106986870203692,0.7410552267411697,0.06964346027919943
over_stabilization,6,0.506787917651239,0.3929422312342312,0.11384568641700776,0.004195683828863771,0.004277658485871808,-8.19746570080368e-05,0.10986964618249534,0.11522346368715082,-0.005353817504655481,0.12824074074074074,0.11805555555555554,0.0101851851851852,0.7581403838272696,0.7993715294140764,-0.04123114558680685,0.7995044025503047,0.8264452527890755,-0.026940850238770797
over_stabilization,7,0.682332776929497,0.5143265624868777,0.16800621444261932,0.00494827620395819,0.0042833241621822084,0.0006649520417759819,0.08042364990689015,0.08601024208566109,-0.005586592178770944,0.09074074074074075,0.0837962962962963,0.0069444444444444475,0.7212133067557385,0.7818026450260364,-0.06058933827029789,0.6936455105475883,0.7652727370891792,-0.07162722654159093
over_stabilization,8,0.5996943413079799,0.38249113249749156,0.21720320881048838,0.0038559947799198862,0.002492512176871835,0.0013634826030480512,0.08042364990689013,0.08857076350093109,-0.008147113594040953,0.08194444444444443,0.08101851851851852,0.0009259259259259134,0.7036736123807472,0.7525509251775134,-0.048877312796766215,0.6966841061681117,0.7911273166855377,-0.09444321051742599
over_stabilization,9,0.5463145460414482,0.3324751730618039,0.21383937297964434,0.0031666802930703434,0.0016890963002822949,0.0014775839927880486,0.10439944134078212,0.11336126629422717,-0.008961824953445052,0.10416666666666667,0.11805555555555557,-0.013888888888888895,0.7198439832790121,0.7769067787773644,-0.05706279549835225,0.7729075944971173,0.7840530481524584,-0.011145453655341031
over_stabilization,10,0.6115826665172163,0.463312727531304,0.1482699389859123,0.004281479853097387,0.0034168365799352386,0.0008646432731621487,0.08310055865921788,0.09124767225325885,-0.008147113594040967,0.11018518518518518,0.09629629629629628,0.013888888888888895,0.7119729957804397,0.7468077530589317,-0.034834757278491946,0.7791150442506551,0.7299476549977508,0.049167389252904314
over_stabilization,11,0.648250337895795,0.47958849833964307,0.16866183955615194,0.006439340179228165,0.0030887527217937872,0.003350587457434378,0.0811219739292365,0.09031657355679701,-0.009194599627560515,0.09398148148148149,0.09074074074074075,0.0032407407407407385,0.6786001562740325,0.7423480191658012,-0.0637478628917687,0.6678997161074105,0.7705640991245268,-0.10266438301711633
over_stabilization,12,0.712415026904782,0.5903036276877541,0.12211139921702785,0.005754876383410689,0.0032628386631139983,0.002492037720296691,0.075768156424581,0.08368249534450652,-0.007914338919925518,0.08518518518518518,0.08472222222222224,0.0004629629629629428,0.7085770461153731,0.765328725208924,-0.056751679093550944,0.7252974858216765,0.7307356078876988,-0.005438122066022233
over_stabilization,13,0.6112407868315209,0.44592393233091093,0.16531685450061,0.0037466371038848006,0.0015025526338484406,0.00224408447003636,0.08147113594040968,0.08438081936685288,-0.0029096834264431964,0.09212962962962963,0.08842592592592591,0.003703703703703723,0.6899229980056809,0.7374704778588184,-0.04754747985313745,0.7347773956370154,0.7279709806847026,0.0068064149523128226
over_stabilization,14,0.6196306799146062,0.42911688870827724,0.19051379120632894,0.004001309123411285,0.0018396860725056446,0.0021616230509056405,0.09334264432029797,0.09508845437616387,-0.0017458100558658957,0.10787037037037038,0.08564814814814814,0.02222222222222224,0.7245396884315836,0.775664598494058,-0.05112491006247444,0.7187310446792048,0.7289101989218154,-0.010179154242610622
over_stabilization,15,0.5715332000040722,0.4142961553026981,0.15723704470137406,0.003645289236384135,0.0019283048948506095,0.0017169843415335254,0.07344040968342645,0.08472998137802608,-0.011289571694599626,0.07222222222222223,0.09305555555555556,-0.02083333333333333,0.6934653106188361,0.7444098602988171,-0.050944549679980966,0.6783190097581214,0.7352915278769196,-0.05697251811879822
over_stabilization,16,0.5010610288403914,0.40098217533436536,0.10007885350602602,0.003502182640361468,0.0016554645281135914,0.0018467181122478764,0.09415735567970203,0.09636871508379889,-0.002211359404096863,0.10416666666666667,0.10462962962962963,-0.0004629629629629567,0.705376388427936,0.7524026274659005,-0.047026239037964435,0.7313057222057028,0.7505333374728451,-0.01922761526714234
over_stabilization,17,0.662781542546099,0.501594606889275,0.16118693565682396,0.004606719110706419,0.0026542473881813952,0.001952471722525024,0.08845437616387337,0.09194599627560522,-0.003491620111731847,0.09444444444444444,0.09027777777777779,0.004166666666666652,0.7060141572133944,0.7601762513453496,-0.05416209413195516,0.7085839273491945,0.762827209643243,-0.05424328229404851
over_stabilization,18,0.46817612449225715,0.3584859148451285,0.10969020964712867,0.004124751257297846,0.0029319881835319353,0.0011927630737659104,0.09171322160148976,0.09567039106145252,-0.003957169459962759,0.10972222222222223,0.09722222222222221,0.012500000000000025,0.7381586605412418,0.7648766705095844,-0.026718009968342615,0.7704565455568733,0.8002201841682202,-0.0297636386113469
over_stabilization,19,0.5462571724798352,0.3830606551175059,0.16319651736232926,0.003913562751443663,0.0023544526096341513,0.0015591101418095119,0.07995810055865922,0.08449720670391063,-0.004539106145251409,0.09305555555555556,0.08796296296296295,0.005092592592592607,0.7179525043056654,0.7726652618278045,-0.05471275752213911,0.7335390853509035,0.8401276194816318,-0.10658853413072833
over_stabilization,20,0.5824691575442384,0.5184824666753518,0.06398669086888664,0.003997405419680653,0.0027583257543997404,0.0012390796652809125,0.07797951582867785,0.08170391061452514,-0.003724394785847296,0.09212962962962963,0.08472222222222221,0.007407407407407418,0.6793847105425976,0.7270980178844118,-0.047713307341814115,0.6603921013270839,0.7474904577568358,-0.08709835642975183
over_stabilization,21,0.5753779343509753,0.4211836150193573,0.15419431933161798,0.005122710658440524,0.00370462581196253,0.001418084846477994,0.0773975791433892,0.08391527001862198,-0.006517690875232782,0.07361111111111111,0.08055555555555556,-0.0069444444444444475,0.6838111277489891,0.7377900425908288,-0.0539789148418397,0.676873655433796,0.7168458199290271,-0.03997216449523111
over_stabilization,22,0.6502550363783683,0.48923391938617417,0.16102111699219418,0.004439134124804782,0.0035506510319824897,0.0008884830928222922,0.08310055865921788,0.08833798882681565,-0.00523743016759777,0.0949074074074074,0.08425925925925926,0.010648148148148143,0.7328772469207792,0.7755149462269949,-0.04263769930621575,0.751591839346999,0.7759596781912328,-0.02436783884423377
over_stabilization,23,0.6455380247666684,0.47418192307553636,0.17135610169113208,0.003660561975568048,0.002818861823503064,0.0008417001520649838,0.06645716945996276,0.07332402234636871,-0.006866852886405955,0.06574074074074074,0.07916666666666666,-0.013425925925925924,0.6800192523460653,0.7377590659548593,-0.05773981360879399,0.682575404661288,0.7487905103379349,-0.0662151056766469
over_stabilization,24,0.5418156696167804,0.3985095783314255,0.14330609128535493,0.004242934216621225,0.0032163650344799975,0.0010265691821412272,0.0902001862197393,0.09834729981378026,-0.008147113594040967,0.09861111111111111,0.09861111111111111,0.0,0.7329308158141125,0.7711637091687265,-0.038232893354613995,0.7545568864406569,0.7585554684870532,-0.0039985820463963595
over_stabilization,25,0.634836578379907,0.4974538935788355,0.13738268480107152,0.004717407387596375,0.004282173671306725,0.00043523371628965014,0.07879422718808193,0.08752327746741155,-0.008729050279329617,0.08703703703703702,0.08703703703703702,0.0,0.7552202105968282,0.7852037378501657,-0.029983527253337527,0.7879738055482546,0.8085695213102152,-0.02059571576196062
over_stabilization,26,0.5187488866859167,0.3364867167537289,0.1822621699321878,0.004430404364965532,0.002770919533074004,0.0016594848318915285,0.09671787709497208,0.1063780260707635,-0.009660148975791427,0.09074074074074073,0.11064814814814815,-0.019907407407407415,0.7120493271528738,0.7639799013558233,-0.05193057420294944,0.6561974648945641,0.7870806199728471,-0.13088315507828296
over_stabilization,27,0.5296860064982322,0.3964850622861605,0.13320094421207168,0.002512242440069085,0.0021572572246050126,0.0003549852154640723,0.09369180633147113,0.10114059590316575,-0.0074487895716946195,0.11388888888888889,0.0986111111111111,0.015277777777777793,0.7164548383677567,0.7776690076444647,-0.061214169276707975,0.7327768705774796,0.7597705124079438,-0.026993641830464155
over_stabilization,28,0.6634951211954965,0.5244498931859993,0.13904522800949715,0.0048706837969998105,0.0030912585788942957,0.0017794252181055148,0.06936685288640596,0.07553538175046555,-0.006168528864059594,0.08148148148148147,0.07083333333333333,0.010648148148148143,0.6862642446585097,0.7350558854887392,-0.04879164083022958,0.7040854361192725,0.733576039594028,-0.029490603474755406
over_stabilization,29,0.6291897763192643,0.4678294325654672,0.1613603437537971,0.004743611724893065,0.003975118612502949,0.0007684931123901157,0.08414804469273744,0.08798882681564246,-0.0038407821229050204,0.0949074074074074,0.08796296296296295,0.0069444444444444475,0.7408081119239034,0.7718959964512451,-0.03108788452734168,0.7578660828118674,0.7327063582721145,0.025159724539752903
over_stabilization,30,0.6763389879006644,0.442209052913019,0.2341299349876454,0.004504404796245431,0.002956135574354155,0.0015482692218912759,0.09182960893854748,0.09590316573556797,-0.004073556797020483,0.10416666666666667,0.09074074074074075,0.013425925925925924,0.6944243623745484,0.7454704162524632,-0.05104605387791483,0.7095439615006542,0.7712294554370078,-0.061685493936353586
over_stabilization,31,0.6345805887965041,0.5198413243802862,0.11473926441621796,0.0034382217807227204,0.002476447846662277,0.0009617739340604435,0.08857076350093111,0.09334264432029797,-0.004771880819366858,0.09537037037037037,0.10092592592592592,-0.00555555555555555,0.7079689656269557,0.7662782196020579,-0.058309253975102227,0.760371485895321,0.7553808192797752,0.0049906666155458135
mistimed_support,0,0.38346352902789804,0.2938825941828849,0.08958093484501312,0.0035133201632034693,0.002248046150892048,0.0012652740123114212,0.16980912476722534,0.17912011173184358,-0.00931098696461824,0.2263888888888889,0.1810185185185185,0.045370370370370394,0.8330061537392864,0.8759104667212082,-0.042904312981921766,0.9203059699622005,0.9176575274630019,0.0026484424991986
mistimed_support,1,0.44458656731574014,0.3397685773092107,0.10481799000652947,0.003410756314573407,0.0019513274155136813,0.0014594288990597256,0.13093575418994413,0.13978119180633147,-0.008845437616387342,0.17546296296296296,0.14444444444444446,0.0310185185185185,0.7806026133694896,0.8224003643928648,-0.04179775102337524,0.877672267911703,0.8664349942743552,0.011237273637347833
mistimed_support,2,0.4236616144691969,0.32876160793140735,0.09490000653778957,0.0033608347350278364,0.0021363978981591768,0.0012244368368686596,0.1332635009310987,0.14327281191806332,-0.010009310986964615,0.16203703703703703,0.13564814814814816,0.02638888888888888,0.7860683378755966,0.8183766049041981,-0.032308267028601456,0.834566868809101,0.8150528861339261,0.0195139826751749
mistimed_support,3,0.4274337881001427,0.3307017896538827,0.09673199844626001,0.003429008490961152,0.002674626367107462,0.00075438212385369,0.1298882681564246,0.13722067039106145,-0.007332402234636853,0.16712962962962963,0.13333333333333333,0.033796296296296297,0.7255568732099464,0.7657103847048496,-0.040153511494903205,0.7612204248483199,0.7825874081700581,-0.021366983321738253
mistimed_support,4,0.4556216666961272,0.3294001137727867,0.12622155292334047,0.003334646645241667,0.0022524423976379862,0.0010822042476036809,0.12523277467411545,0.13175046554934824,-0.0065176908752327956,0.15787037037037036,0.12731481481481483,0.03055555555555553,0.7602802318391362,0.8003160983765524,-0.0400358665374162,0.8233265700713399,0.7991129587663207,0.0242136113050192
mistimed_support,5,0.43483885360220964,0.3368642197014533,0.09797463390075634,0.002622437193853587,0.00201010387779665,0.0006123333160569368,0.1308193668528864,0.1419925512104283,-0.011173184357541915,0.1597222222222222,0.13472222222222222,0.024999999999999994,0.7970182154013704,0.844849727520764,-0.04783151211939363,0.8615762820454873,0.8121129314996016,0.04946335054588569
mistimed_support,6,0.3955742101538003,0.34123719493895216,0.05433701521484813,0.0032027078695215268,0.0016850804442530174,0.0015176274252685093,0.13524208566108006,0.147695530726257,-0.012453445065176927,0.19999999999999998,0.15787037037037036,0.04212962962962963,0.7940911561823684,0.8407847173179512,-0.04669356113558287,0.9239133153770402,0.8395380273883062,0.08437528798873406
mistimed_support,7,0.5345748257438326,0.4111131915811063,0.12346163416272632,0.003417485065163617,0.0024464831908128397,0.0009710018743507775,0.11638733705772812,0.12837523277467414,-0.011987895716946015,0.1486111111111111,0.14675925925925926,0.0018518518518518545,0.7430632428223831,0.7766734913454438,-0.033610248523060715,0.7914706045978664,0.7809395544525624,0.010531050145304088
mistimed_support,8,0.42885605952573264,0.3239668907927611,0.10488916873297155,0.0026799792144217823,0.0023278744725757547,0.00035210474184602754,0.15304934823091246,0.16003258845437615,-0.006983240223463694,0.21157407407407405,0.16481481481481483,0.04675925925925922,0.8104355878823276,0.8719317370622914,-0.06149614917996382,0.8930790519602029,0.9039324260520711,-0.010853374091868262
mistimed_support,9,0.4447108823206216,0.35005237329022737,0.09465850903039424,0.003688363013482139,0.0019633167212562332,0.0017250462922259058,0.13058659217877097,0.14420391061452512,-0.013617318435754144,0.18379629629629626,0.13888888888888887,0.044907407407407396,0.8014591613984277,0.8415197936914196,-0.04006063229299195,0.9312618854947778,0.8946483259117151,0.03661355958306278
mistimed_support,10,0.5382531016408967,0.37800047331503367,0.160252628325863,0.0034627613174550804,0.0036013128862929966,-0.00013855156883791622,0.11929702048417133,0.12884078212290503,-0.009543761638733703,0.1550925925925926,0.1273148148148148,0.02777777777777779,0.7857779181343338,0.8149198050308606,-0.029141886896526747,0.8312915880799419,0.8307004001416669,0.0005911879382749508
mistimed_support,11,0.42626646439972005,0.30784724229765575,0.11841922210206429,0.003012381783747807,0.0022053195085703445,0.0008070622751774623,0.12558193668528864,0.1316340782122905,-0.00605214152700187,0.18425925925925926,0.1324074074074074,0.05185185185185187,0.7687914094174573,0.8246098668088384,-0.05581845739138114,0.8275421553207667,0.8024126283681918,0.025129526952574865
mistimed_support,12,0.39965709058769083,0.30215340279297637,0.09750368779471447,0.004808260951044833,0.0023442653121939967,0.0024639956388508365,0.13303072625698323,0.1585195530726257,-0.025488826815642462,0.17546296296296296,0.16296296296296295,0.012500000000000011,0.8197257038606696,0.8570964949684927,-0.037370791107823154,0.9237433225644933,0.8571376356827418,0.0666056868817515
mistimed_support,13,0.46454210132522483,0.3408175165427345,0.12372458478249032,0.00373327978912433,0.004432164403108918,-0.0006988846139845883,0.13303072625698323,0.14583333333333334,-0.012802607076350114,0.16157407407407406,0.13657407407407407,0.024999999999999994,0.7858645125837037,0.8296046205647309,-0.04374010798102723,0.8744495354613977,0.8481016831163313,0.026347852345066425
mistimed_support,14,0.42847273107738665,0.3462445963950354,0.08222813468235124,0.0036047707842922377,0.0024419511435506574,0.0011628196407415803,0.13116852886405958,0.13559124767225325,-0.004422718808193671,0.16157407407407406,0.14259259259259258,0.018981481481481488,0.7830357154357805,0.8499353767569608,-0.0668996613211803,0.8534787320810702,0.8271561592159464,0.02632257286512374
mistimed_support,15,0.41413016314134693,0.3625168857899013,0.05161327735144561,0.003653834228178013,0.0029066128955724884,0.0007472213326055245,0.1407122905027933,0.14862662942271881,-0.007914338919925518,0.18287037037037038,0.1398148148148148,0.04305555555555557,0.7797653962157923,0.825287506932648,-0.045522110716855635,0.8123814075826707,0.8180033602886927,-0.005621952706021949
mistimed_support,16,0.38211954788841157,0.32619245853006434,0.055927089358347226,0.0029891602666627143,0.001445880726873926,0.0015432795397887884,0.13186685288640596,0.1431564245810056,-0.011289571694599654,0.1712962962962963,0.14259259259259258,0.02870370370370373,0.8127674142130108,0.8612350953256636,-0.04846768111265276,0.919760946078281,0.8817927204682465,0.037968225610034434
mistimed_support,17,0.37709884680756023,0.303342944078369,0.07375590272919125,0.0036899332575051264,0.003430601458713856,0.00025933179879127034,0.13175046554934824,0.1361731843575419,-0.004422718808193643,0.16435185185185186,0.14305555555555557,0.021296296296296285,0.7728478445181739,0.8301051508580977,-0.057257306339923764,0.8141900405800979,0.8390161749311907,-0.02482613435109282
mistimed_support,18,0.3276824768467789,0.27432616593050335,0.05335631091627557,0.002515622720214887,0.0018022296245612517,0.0007133930956536355,0.15223463687150837,0.16236033519553073,-0.010125698324022353,0.2111111111111111,0.14814814814814814,0.06296296296296297,0.8118902996824346,0.8522527457476393,-0.04036244606520467,0.923650726587762,0.8009578005647933,0.12269292602296877
mistimed_support,19,0.4210559655774239,0.35116955393835586,0.06988641163906806,0.0028908349634707182,0.0014004140643665832,0.001490420899104135,0.14711359404096833,0.1478119180633147,-0.0006983240223463749,0.18379629629629632,0.15324074074074076,0.030555555555555558,0.8008992168442134,0.8343739219699677,-0.033474705125754345,0.9420469444534143,0.8147790292838228,0.12726791516959146
mistimed_support,20,0.44732347751221774,0.3187588878978192,0.12856458961439854,0.0033333856377396305,0.0016636126134927456,0.001669773024246885,0.11650372439478585,0.1287243947858473,-0.01222067039106145,0.14120370370370372,0.1277777777777778,0.013425925925925924,0.7706865370009588,0.81860175427573,-0.047915217274771216,0.8038141481302318,0.7927216285158301,0.011092519614401719
mistimed_support,21,0.4874640951353648,0.3830137717959541,0.10445032333941073,0.003178455259757214,0.0025701274235815767,0.0006083278361756375,0.13873370577281194,0.14094506517690877,-0.0022113594040968354,0.16805555555555554,0.13935185185185184,0.028703703703703703,0.7937026724083488,0.8325399175409411,-0.038837245132592346,0.8408332561062977,0.776164047831947,0.06466920827435063
mistimed_support,22,0.4315580773479077,0.3343066171252467,0.09725146022266101,0.003997623871481916,0.0020151574913954565,0.0019824663800864593,0.1509543761638734,0.159683426443203,-0.008729050279329603,0.16805555555555554,0.13518518518518519,0.032870370370370355,0.8221638479754521,0.8576224873933271,-0.03545863941787508,0.7640296222317182,0.8941223275087049,-0.1300927052769867
mistimed_support,23,0.45630598412050793,0.3891251790307059,0.06718080508980201,0.0034697860447042315,0.002392643542890909,0.0010771425018133223,0.126280260707635,0.13803538175046556,-0.011755121042830552,0.15925925925925927,0.1310185185185185,0.02824074074074076,0.7676508587019957,0.8101779483920093,-0.04252708969001362,0.7835851951128802,0.8198400329065826,-0.03625483779370242
mistimed_support,24,0.4424184622255816,0.3510823345111976,0.09133612771438404,0.0031722461769086133,0.0019534510815429995,0.0012187950953656138,0.12057728119180633,0.1253491620111732,-0.004771880819366858,0.15138888888888888,0.12685185185185185,0.024537037037037024,0.7656845994069134,0.8111372948027534,-0.04545269539584007,0.818897084861171,0.8279206450215824,-0.009023560160411392
mistimed_support,25,0.43493031903235274,0.3955459122388181,0.039384406793534665,0.0030532128189272537,0.0021162157662055177,0.000936997052721736,0.13105214152700187,0.13512569832402233,-0.004073556797020456,0.1773148148148148,0.1412037037037037,0.036111111111111094,0.8105990545610134,0.8627583404037573,-0.052159285842743874,0.92447256261512,0.8884982826349247,0.03597427998019531
mistimed_support,26,0.4599170313599424,0.36442440087051825,0.09549263048942414,0.0034860227813131614,0.0027343132532721796,0.0007517095280409817,0.14187616387337057,0.14967411545623835,-0.007797951582867779,0.1935185185185185,0.14259259259259258,0.05092592592592593,0.7769431737521035,0.8348756338737395,-0.057932460121636,0.8000301226942763,0.8573501874373182,-0.057320064743041854
mistimed_support,27,0.4406942703238232,0.33792358029689673,0.10277069002692646,0.0034906405942826107,0.003344269510042285,0.00014637108424032583,0.12907355679702048,0.1407122905027933,-0.011638733705772814,0.16064814814814812,0.15462962962962964,0.006018518518518479,0.7464492570361059,0.7878030907048142,-0.04135383366870837,0.8047938137413773,0.7775602643778646,0.027233549363512632
mistimed_support,28,0.49828572291213097,0.37453065269980357,0.1237550702123274,0.002937151672042518,0.0014241768359595324,0.0015129748360829854,0.14106145251396648,0.14676443202979517,-0.005702979515828682,0.17546296296296296,0.14583333333333334,0.029629629629629617,0.8042382942541477,0.8434085081891667,-0.03917021393501896,0.8696288014771413,0.7808642386232842,0.08876456285385703
mistimed_support,29,0.42424225264685655,0.289583044508764,0.13465920813809257,0.0038416565469884143,0.0029858841471211554,0.000855772399867259,0.15735567970204842,0.16655027932960892,-0.009194599627560501,0.18472222222222223,0.15925925925925924,0.025462962962962993,0.8628028422023,0.9130723837682666,-0.050269541565966636,0.9419912421627834,0.9200199008270986,0.02197134133568479
mistimed_support,30,0.4126854784415163,0.3000481316319657,0.11263734680955062,0.0034925715206626344,0.002530546567276427,0.0009620249533862073,0.15828677839851021,0.16410614525139663,-0.005819366852886421,0.19490740740740742,0.17546296296296296,0.01944444444444446,0.8130975333315162,0.8616816740172305,-0.04858414068571426,0.803499150654466,0.827262035858342,-0.02376288520387604
mistimed_support,31,0.38062389251950873,0.36053410826831245,0.020089784251196285,0.003479797166968819,0.0019291866232541525,0.0015506105437146666,0.13512569832402233,0.1390828677839851,-0.003957169459962773,0.16712962962962963,0.1388888888888889,0.028240740740740733,0.7883621247218693,0.8428377212558922,-0.054475596534022896,0.8265066291646179,0.9103704197697673,-0.08386379060514937
reactive_noise,0,0.25398205462901596,0.217169227225024,0.03681282740399197,0.003096668551553605,0.0015412814237038774,0.0015553871278497279,0.2699022346368715,0.28840782122905023,-0.018505586592178713,0.31527777777777777,0.2986111111111111,0.016666666666666663,1.123471457499895,1.1821138692718618,-0.05864241177196683,1.2181852695116941,1.2420725739660443,-0.023887304454350167
reactive_noise,1,0.20611516838458535,0.197002412173605,0.009112756210980344,0.0025455847369766963,0.0019665147374244556,0.0005790699995522407,0.33729050279329614,0.37255586592178763,-0.03526536312849149,0.40046296296296297,0.386574074074074,0.01388888888888895,1.3631062196037953,1.452470123255278,-0.08936390365148261,1.5629100350576552,1.530999032171683,0.03191100288597215
reactive_noise,2,0.28111666436519783,0.17448068629918093,0.1066359780660169,0.0031272123367096236,0.0017765220983063821,0.0013506902384032415,0.2517458100558659,0.29236499068901306,-0.04061918063314718,0.3027777777777778,0.28657407407407404,0.016203703703703776,1.0552403724571318,1.1477166639112033,-0.09247629145407155,1.2278080845891597,1.1195382995367624,0.10826978505239726
reactive_noise,3,0.236213760341866,0.1727773391316343,0.06343642121023171,0.0029710274796960847,0.002322087825925308,0.0006489396537707765,0.3518389199255121,0.3952513966480447,-0.04341247672253262,0.35185185185185186,0.3916666666666666,-0.03981481481481475,1.3288560484705216,1.5195531174817911,-0.19069706901126948,1.2501605410320027,1.5304992966865307,-0.28033875565452804
reactive_noise,4,0.25170242526739656,0.20337402714425004,0.048328398123146515,0.002323664373537309,0.002235215561236469,8.844881230084039e-05,0.287243947858473,0.3187849162011173,-0.031540968342644304,0.3643518518518518,0.3162037037037037,0.04814814814814811,1.2520789775266448,1.321127871752687,-0.06904889422604232,1.5964304531862408,1.3579463414195692,0.2384841117666716
reactive_noise,5,0.25578523977663875,0.23982706467672052,0.01595817509991823,0.0029497096504970117,0.001520231662766058,0.0014294779877309536,0.25465549348230915,0.2789804469273743,-0.024324953445065134,0.3398148148148148,0.27638888888888885,0.06342592592592594,1.096332255912266,1.1342866444234065,-0.037954388511140635,1.4266059541071143,1.1118539627100215,0.31475199139709287
reactive_noise,6,0.25648205489553,0.21158088460638513,0.044901170289144865,0.0019923763015139936,0.002168116536512268,-0.0001757402349982745,0.2567504655493483,0.2779329608938548,-0.021182495344506502,0.30277777777777776,0.2935185185185185,0.009259259259259245,1.0462465938994194,1.120723404185437,-0.0744768102860176,1.186536140223907,1.1657434958215065,0.020792644402400473
reactive_noise,7,0.2588921942534213,0.19897719106476408,0.05991500318865722,0.001852760719662828,0.0014315221201221201,0.00042123859954070787,0.28619646182495345,0.30714618249534453,-0.02094972067039108,0.34027777777777773,0.3023148148148148,0.03796296296296292,1.1330749047318112,1.19254451018519,-0.05946960545337876,1.2424059837476982,1.1761284988630611,0.06627748488463703
reactive_noise,8,0.18770583646512015,0.1631616023986658,0.02454423406645434,0.0026203081834794105,0.001354483376607537,0.0012658248068718736,0.36277932960893855,0.3966480446927374,-0.03386871508379885,0.45462962962962966,0.42361111111111116,0.0310185185185185,1.385229731860571,1.4957072181428275,-0.1104774862822564,1.5987254180935637,1.6003261442101366,-0.0016007261165729147
reactive_noise,9,0.27272504944524584,0.21935310824992435,0.05337194119532149,0.003165927775251546,0.0017170159767670144,0.0014489117984845315,0.267108938547486,0.30702979515828677,-0.03992085661080075,0.3490740740740741,0.3018518518518518,0.047222222222222276,1.1291171229851003,1.2553957327303906,-0.12627860974529037,1.245214839999966,1.316523245510011,-0.07130840551004503
reactive_noise,10,0.20091375347049537,0.14727613274983767,0.0536376207206577,0.0025283880056011627,0.0021927602241072737,0.00033562778149388893,0.34497206703910616,0.3999068901303538,-0.05493482309124764,0.4222222222222222,0.40324074074074073,0.018981481481481488,1.4544394511114942,1.569856012325236,-0.11541656121374189,1.6934342177494968,1.5773647105207333,0.11606950722876341
reactive_noise,11,0.29842534315569225,0.24849762261420083,0.049927720541491416,0.003154916553609324,0.002539687632391577,0.0006152289212177468,0.2582635009310987,0.299231843575419,-0.04096834264432031,0.3050925925925926,0.28935185185185186,0.015740740740740722,1.1313819343090659,1.201201055115822,-0.06981912080675623,1.3651802342754404,1.2199993607802204,0.14518087349522002
reactive_noise,12,0.2502557235567509,0.22417664282690256,0.026079080729848353,0.002967625376203559,0.0026513028005843613,0.00031632257561919766,0.2782821229050279,0.3062150837988827,-0.027932960893854775,0.3587962962962963,0.2981481481481481,0.06064814814814817,1.147988188090532,1.2183943108205884,-0.07040612273005631,1.3361861068943968,1.2203578417228638,0.115828265171533
reactive_noise,13,0.23333475519413702,0.17850554568080626,0.05482920951333076,0.002801194886027414,0.0020559908284894703,0.0007452040575379438,0.3290270018621974,0.36510707635009315,-0.03608007448789574,0.4749999999999999,0.3712962962962963,0.10370370370370363,1.2179316359213979,1.3650943864574576,-0.14716275053605976,1.6199972605334938,1.424214241747159,0.19578301878633475
reactive_noise,14,0.20712508628097584,0.174628488855834,0.03249659742514183,0.0027470029019983295,0.0020420689280181204,0.000704933973980209,0.33833798882681565,0.3875698324022346,-0.04923184357541893,0.43240740740740735,0.38379629629629625,0.048611111111111105,1.3821035888887236,1.5180979003980344,-0.13599431150931074,1.8108538330524135,1.4258807218148806,0.38497311123753297
reactive_noise,15,0.2924608319686259,0.24489264630020044,0.04756818566842544,0.0032662171559527413,0.001367697586370668,0.0018985195695820733,0.2139199255121043,0.2628026070763501,-0.04888268156424583,0.27777777777777773,0.2509259259259259,0.02685185185185185,1.0412410052502357,1.1563978976274285,-0.11515689237719284,1.2827337866950406,1.1574081808944792,0.1253256058005614
reactive_noise,16,0.2990742643896569,0.2330485214865031,0.0660257429031538,0.0025899526049615925,0.0025862921793947556,3.6604255668369265e-06,0.24697392923649905,0.2884078212290503,-0.041433891992551236,0.3833333333333333,0.29074074074074074,0.09259259259259256,1.106058976196672,1.1453620308305394,-0.03930305463386752,1.5801316429295416,1.1809844840978458,0.3991471588316957
reactive_noise,17,0.3061688254329857,0.2347467319284963,0.07142209350448939,0.0030016340680624177,0.0018869552730992401,0.0011146787949631776,0.2530260707635009,0.2817737430167598,-0.02874767225325886,0.26851851851851855,0.29398148148148145,-0.02546296296296291,1.102301714236095,1.169918743537389,-0.0676170293012941,1.1587804350728095,1.2045712183273412,-0.045790783254531675
reactive_noise,18,0.23774167517646613,0.20918856192102556,0.028553113255440576,0.003483687023681289,0.0024555891897217706,0.0010280978339595186,0.3013268156424581,0.33787243947858475,-0.03654562383612664,0.3606481481481481,0.3444444444444444,0.01620370370370372,1.289667967972774,1.3543038313927718,-0.06463586341999772,1.5831964514428398,1.4159658561150275,0.16723059532781237
reactive_noise,19,0.22751709405689094,0.1866966621719712,0.04082043188491974,0.0026197650055340494,0.0014060645609545901,0.0012137004445794592,0.29515828677839856,0.34439013035381755,-0.04923184357541899,0.38842592592592595,0.3333333333333333,0.05509259259259264,1.2365334881082457,1.336392565790746,-0.09985907768250035,1.6069289897814243,1.281521271600989,0.32540771818043535
reactive_noise,20,0.2348067293174858,0.1887494058072139,0.04605732351027192,0.0022771930647464546,0.0014131196272511987,0.0008640734374952559,0.3085428305400372,0.3346135940409683,-0.02607076350093107,0.3768518518518518,0.350462962962963,0.02638888888888885,1.2223425928992588,1.2845153322620262,-0.06217273936276735,1.570692325344607,1.2984980371052948,0.27219428823931224
reactive_noise,21,0.3296867485863359,0.2363796582438444,0.09330709034249149,0.0027828480925835325,0.002153761076116004,0.0006290870164675287,0.2636173184357542,0.30935754189944137,-0.04574022346368717,0.3347222222222223,0.3037037037037037,0.031018518518518612,1.145932861598476,1.2392069018691758,-0.09327404027069974,1.389397840686462,1.2128979638042605,0.17649987688220148
reactive_noise,22,0.28329976366187853,0.19255929983320683,0.09074046382867171,0.002896283774948789,0.0015895446441145174,0.0013067391308342717,0.2530260707635009,0.29085195530726254,-0.03782588454376162,0.3009259259259259,0.3106481481481482,-0.009722222222222299,1.1369599259700793,1.1975582635643824,-0.06059833759430311,1.410709030375989,1.3231564766186135,0.08755255375737558
reactive_noise,23,0.24499276885654764,0.16074792348660472,0.08424484536994292,0.0025906772883894052,0.002133668817251786,0.00045700847113761944,0.33938547486033516,0.368133147113594,-0.02874767225325886,0.3865740740740741,0.3726851851851852,0.01388888888888895,1.3015220179444027,1.3961146598228449,-0.09459264187844219,1.5097901294399854,1.3735556717629187,0.13623445767706666
reactive_noise,24,0.263745465751058,0.2169895735878332,0.046755892163224816,0.0028244712528388938,0.0019314511265807067,0.0008930201262581871,0.2564013035381751,0.29027001862197394,-0.03386871508379885,0.29305555555555557,0.3078703703703704,-0.014814814814814836,1.125826978220264,1.1908915668089204,-0.06506458858865649,1.2219011683980212,1.2582914037173678,-0.0363902353193466
reactive_noise,25,0.22360904715669216,0.17419160759930183,0.049417439557390336,0.0021289508856451632,0.0014598310694320935,0.0006691198162130697,0.32867783985102417,0.36196461824953446,-0.0332867783985103,0.3782407407407407,0.36481481481481487,0.013425925925925841,1.2799833884183571,1.3838247106893582,-0.10384132227100107,1.4084823426137034,1.391570117940513,0.016912224673190313
reactive_noise,26,0.2821708125342015,0.1998363994975286,0.08233441303667291,0.0025463652098730214,0.0017288282143734027,0.0008175369954996187,0.29457635009310984,0.32646648044692733,-0.03189013035381749,0.36712962962962964,0.32870370370370366,0.038425925925925974,1.1753487150886164,1.2710516425893592,-0.09570292750074283,1.4088219577610341,1.2172028745741938,0.1916190831868403
reactive_noise,27,0.23152120111036387,0.20231616397089866,0.029205037139465206,0.0038637420348979295,0.0018475500335040159,0.0020161920013939136,0.2972532588454376,0.3381052141527002,-0.0408519553072626,0.3768518518518518,0.34351851851851856,0.03333333333333327,1.1873960851404148,1.3161364151762196,-0.12874033003580476,1.33738003534627,1.3612515376490162,-0.02387150230274626
reactive_noise,28,0.2775296471565949,0.24696896746012909,0.03056067969646581,0.0035980247059526653,0.0017870606025073756,0.0018109641034452896,0.23708100558659218,0.25721601489757917,-0.020135009310986995,0.31157407407407406,0.26157407407407407,0.04999999999999999,1.0231651022205241,1.0888278573602972,-0.06566275513977304,1.2273518013880107,1.0872788611159527,0.14007294027205797
reactive_noise,29,0.20351521431909556,0.18272120263439431,0.02079401168470124,0.002770909177397711,0.0017527105857849238,0.001018198591612787,0.3405493482309125,0.37930633147113596,-0.038756983240223475,0.4773148148148148,0.3856481481481482,0.09166666666666662,1.3532647064252217,1.541940620928608,-0.18867591450338628,1.9004024113270301,1.507356141769882,0.39304626955714816
reactive_noise,30,0.2933444771498608,0.22359892412835114,0.06974555302150964,0.003464561718964463,0.0024462716959552855,0.0010182900230091777,0.2397579143389199,0.2777001862197393,-0.03794227188081939,0.2884259259259259,0.2824074074074074,0.006018518518518534,1.08725080722642,1.1821600527418565,-0.09490924551543656,1.319964399328954,1.2169966214940922,0.10296777783486188
reactive_noise,31,0.2564752779168114,0.2358230078580029,0.020652270058808514,0.0029139964384468776,0.0018421963099791818,0.0010718001284676958,0.3058659217877095,0.3408985102420856,-0.03503258845437612,0.38518518518518513,0.34675925925925927,0.03842592592592586,1.2501158635962013,1.344837307977389,-0.09472144438118768,1.5653516620900843,1.3848139523468965,0.18053770974318772
